Player,Team,RAPM,ORAPM,DRAPM,RAPM_SOURCE,PTS,MIN,GP
Nikola Jokic,DEN,7.52,6.76,0.77,EXTERNAL_JSON,,,
Shai Gilgeous-Alexander,OKC,6.66,4.81,1.85,EXTERNAL_JSON,32.6,33.1,24.0
Giannis Antetokounmpo,MIL,6.51,4.81,1.7,EXTERNAL_JSON,28.9,29.1,17.0
Jayson Tatum,BOS,4.12,2.43,1.69,EXTERNAL_JSON,,,
Kawhi Leonard,LAC,4.81,3.39,1.42,EXTERNAL_JSON,25.3,32.4,15.0
Luka Doncic,LAL,3.49,3.52,-0.02,EXTERNAL_JSON,,,
Donovan Mitchell,CLE,4.08,3.46,0.62,EXTERNAL_JSON,30.5,34.3,23.0
Victor Wembanyama,SAS,3.59,-0.15,3.73,EXTERNAL_JSON,26.2,34.7,12.0
Anthony Edwards,MIN,1.3,1.79,-0.49,EXTERNAL_JSON,28.7,34.4,20.0
Tyrese Haliburton,IND,2.83,3.79,-0.96,EXTERNAL_JSON,,,
Stephen Curry,GSW,4.28,5.89,-1.61,EXTERNAL_JSON,27.9,31.0,16.0
Jarrett Allen,CLE,4.01,2.7,1.31,EXTERNAL_JSON,14.3,26.1,15.0
Evan Mobley,CLE,2.05,0.02,2.04,EXTERNAL_JSON,18.9,34.1,24.0
James Harden,LAC,1.67,2.93,-1.27,EXTERNAL_JSON,26.6,35.6,24.0
Jamal Murray,DEN,2.55,3.68,-1.12,EXTERNAL_JSON,24.4,34.6,23.0
Aaron Gordon,DEN,4.18,1.35,2.83,EXTERNAL_JSON,18.8,28.3,13.0
Chet Holmgren,OKC,5.23,2.23,3.0,EXTERNAL_JSON,18.8,28.7,21.0
Jimmy Butler,GSW,3.13,2.58,0.55,EXTERNAL_JSON,,,
Rudy Gobert,MIN,4.79,0.1,4.69,EXTERNAL_JSON,11.1,31.3,24.0
Anthony Davis,DAL,2.7,0.91,1.79,EXTERNAL_JSON,19.6,29.3,10.0
Jalen Brunson,NYK,2.26,3.79,-1.53,EXTERNAL_JSON,28.3,34.9,22.0
Jaylen Brown,BOS,0.67,1.71,-1.04,EXTERNAL_JSON,29.1,33.5,24.0
Isaiah Hartenstein,OKC,3.29,1.1,2.19,EXTERNAL_JSON,12.2,27.8,19.0
OG Anunoby,NYK,2.14,0.08,2.06,EXTERNAL_JSON,15.7,30.6,15.0
Karl-Anthony Towns,NYK,1.81,2.44,-0.63,EXTERNAL_JSON,22.1,33.0,23.0
Joel Embiid,PHI,3.18,1.17,2.01,EXTERNAL_JSON,18.2,25.1,9.0
Jalen Williams,OKC,-0.26,-0.59,0.33,EXTERNAL_JSON,17.3,28.0,6.0
Kevin Durant,HOU,4.11,3.64,0.47,EXTERNAL_JSON,24.8,35.4,20.0
Ivica Zubac,LAC,1.63,-0.26,1.89,EXTERNAL_JSON,16.6,32.8,25.0
Bam Adebayo,MIA,2.4,-0.14,2.54,EXTERNAL_JSON,19.2,30.8,19.0
Pascal Siakam,IND,3.71,2.07,1.63,EXTERNAL_JSON,24.5,34.2,23.0
Austin Reaves,LAL,2.4,2.25,0.15,EXTERNAL_JSON,27.8,36.9,21.0
Tari Eason,HOU,1.06,0.34,0.72,EXTERNAL_JSON,11.5,23.2,11.0
Jalen Suggs,ORL,0.77,-1.34,2.1,EXTERNAL_JSON,14.9,25.4,20.0
Steven Adams,HOU,5.32,3.35,1.97,EXTERNAL_JSON,6.4,21.6,18.0
Alex Caruso,OKC,4.85,0.14,4.71,EXTERNAL_JSON,5.5,18.5,16.0
Jalen Johnson,ATL,0.44,-0.42,0.86,EXTERNAL_JSON,23.4,35.2,22.0
Jakob Poeltl,TOR,1.68,1.07,0.61,EXTERNAL_JSON,10.2,26.1,19.0
Derrick White,BOS,3.24,1.24,2.0,EXTERNAL_JSON,17.2,33.0,24.0
Paul Reed,DET,0.99,0.07,0.92,EXTERNAL_JSON,6.7,12.0,18.0
Scottie Barnes,TOR,0.56,0.02,0.54,EXTERNAL_JSON,19.7,33.9,26.0
Alperen Sengun,HOU,1.96,1.4,0.56,EXTERNAL_JSON,23.0,35.9,20.0
Fred VanVleet,HOU,2.66,1.44,1.22,EXTERNAL_JSON,,,
Devin Booker,PHX,2.06,2.92,-0.86,EXTERNAL_JSON,25.0,34.7,22.0
Kyrie Irving,DAL,4.64,4.51,0.12,EXTERNAL_JSON,,,
Deni Avdija,POR,2.49,2.88,-0.39,EXTERNAL_JSON,25.4,34.2,25.0
Mitchell Robinson,NYK,1.83,0.79,1.04,EXTERNAL_JSON,3.6,17.5,16.0
Payton Pritchard,BOS,1.65,2.3,-0.65,EXTERNAL_JSON,16.8,32.3,25.0
Cade Cunningham,DET,1.15,1.09,0.05,EXTERNAL_JSON,27.5,36.4,21.0
Brandon Clarke,MEM,2.1,0.72,1.38,EXTERNAL_JSON,,,
Aaron Wiggins,OKC,2.34,2.54,-0.2,EXTERNAL_JSON,13.2,25.1,14.0
Michael Porter Jr.,BKN,-0.13,2.01,-2.15,EXTERNAL_JSON,25.8,32.8,19.0
Draymond Green,GSW,4.31,0.37,3.94,EXTERNAL_JSON,8.0,28.1,20.0
Tyler Herro,MIA,0.41,1.5,-1.09,EXTERNAL_JSON,23.2,31.8,6.0
Franz Wagner,ORL,4.19,1.95,2.24,EXTERNAL_JSON,22.7,33.4,24.0
Aaron Nesmith,IND,1.55,1.55,0.01,EXTERNAL_JSON,15.5,30.4,11.0
LeBron James,LAL,1.87,2.27,-0.41,EXTERNAL_JSON,16.5,33.5,8.0
Jonathan Isaac,ORL,1.18,-1.71,2.89,EXTERNAL_JSON,2.8,10.3,22.0
Zion Williamson,NOP,2.66,2.5,0.16,EXTERNAL_JSON,22.1,30.9,10.0
Josh Minott,BOS,0.59,0.44,0.15,EXTERNAL_JSON,7.3,19.2,24.0
Tyrese Maxey,PHI,1.71,2.63,-0.92,EXTERNAL_JSON,31.5,39.9,23.0
Robert Williams III,POR,0.51,-0.41,0.92,EXTERNAL_JSON,5.6,15.3,15.0
Ja Morant,MEM,1.63,1.09,0.54,EXTERNAL_JSON,17.9,28.8,12.0
Jaden McDaniels,MIN,0.44,-0.28,0.71,EXTERNAL_JSON,15.5,32.5,23.0
Goga Bitadze,ORL,1.38,0.83,0.55,EXTERNAL_JSON,6.3,16.9,24.0
Paul George,PHI,2.72,0.76,1.96,EXTERNAL_JSON,14.1,24.4,8.0
Kenrich Williams,OKC,2.72,0.89,1.82,EXTERNAL_JSON,6.0,16.0,7.0
Josh Hart,NYK,0.47,1.13,-0.66,EXTERNAL_JSON,12.4,29.6,23.0
Jaren Jackson Jr.,MEM,-0.25,-1.69,1.44,EXTERNAL_JSON,17.0,29.3,22.0
Amen Thompson,HOU,3.88,1.32,2.56,EXTERNAL_JSON,17.5,36.2,22.0
Dwight Powell,DAL,0.91,0.76,0.14,EXTERNAL_JSON,2.4,10.9,20.0
Jalen Duren,DET,0.88,1.18,-0.31,EXTERNAL_JSON,18.8,29.2,21.0
Derrick Jones Jr.,LAC,0.55,-0.79,1.34,EXTERNAL_JSON,10.5,24.9,13.0
Ty Jerome,MEM,1.62,1.87,-0.26,EXTERNAL_JSON,,,
Collin Gillespie,PHX,0.54,0.85,-0.32,EXTERNAL_JSON,13.1,27.1,25.0
Josh Okogie,HOU,1.17,0.62,0.54,EXTERNAL_JSON,6.6,20.9,22.0
Herbert Jones,NOP,3.13,0.63,2.5,EXTERNAL_JSON,9.6,29.1,18.0
Day'Ron Sharpe,BKN,1.59,0.2,1.39,EXTERNAL_JSON,7.0,16.2,22.0
Scotty Pippen Jr.,MEM,-0.84,-1.48,0.64,EXTERNAL_JSON,,,
Lauri Markkanen,UTA,2.29,2.38,-0.09,EXTERNAL_JSON,27.6,35.1,22.0
Kevin Porter Jr.,MIL,-1.05,-0.93,-0.12,EXTERNAL_JSON,21.3,29.3,7.0
Christian Braun,DEN,1.83,0.13,1.7,EXTERNAL_JSON,11.4,29.6,11.0
Jordan Walsh,BOS,1.22,1.43,-0.22,EXTERNAL_JSON,7.7,21.5,21.0
Kristaps Porzingis,ATL,0.61,0.98,-0.38,EXTERNAL_JSON,,,
Darius Garland,CLE,-0.67,0.91,-1.58,EXTERNAL_JSON,14.0,28.3,9.0
Julius Randle,MIN,1.6,2.17,-0.57,EXTERNAL_JSON,22.9,33.7,24.0
Donte DiVincenzo,MIN,0.28,1.12,-0.83,EXTERNAL_JSON,13.2,31.1,24.0
Jarred Vanderbilt,LAL,-0.28,-0.31,0.03,EXTERNAL_JSON,4.3,17.3,15.0
Trae Young,ATL,-0.57,2.63,-3.2,EXTERNAL_JSON,17.8,27.8,5.0
Norman Powell,MIA,2.44,1.6,0.84,EXTERNAL_JSON,24.6,30.7,20.0
Cason Wallace,OKC,1.85,-0.07,1.92,EXTERNAL_JSON,8.5,27.8,24.0
Myles Turner,MIL,1.93,1.51,0.43,EXTERNAL_JSON,12.3,28.7,26.0
Reed Sheppard,HOU,-0.79,-0.23,-0.57,EXTERNAL_JSON,12.9,24.9,22.0
Luke Kornet,SAS,2.61,1.35,1.26,EXTERNAL_JSON,7.7,25.5,16.0
Dereck Lively II,DAL,3.59,1.91,1.68,EXTERNAL_JSON,4.3,16.5,7.0
Onyeka Okongwu,ATL,-0.37,-0.04,-0.33,EXTERNAL_JSON,16.0,30.7,24.0
Moussa Diabate,CHA,0.54,0.35,0.18,EXTERNAL_JSON,,,
Jalen Smith,CHI,-0.05,1.37,-1.42,EXTERNAL_JSON,10.0,17.1,18.0
De'Aaron Fox,SAS,0.81,2.14,-1.34,EXTERNAL_JSON,24.0,32.7,16.0
Immanuel Quickley,TOR,1.95,-0.21,2.16,EXTERNAL_JSON,16.5,32.2,25.0
Damian Lillard,POR,2.89,3.37,-0.49,EXTERNAL_JSON,,,
Isaiah Joe,OKC,1.98,1.71,0.27,EXTERNAL_JSON,12.9,23.3,17.0
LaMelo Ball,CHA,0.68,3.34,-2.67,EXTERNAL_JSON,19.4,28.9,16.0
Jordan McLaughlin,SAS,1.21,0.42,0.78,EXTERNAL_JSON,3.1,8.3,9.0
Luguentz Dort,OKC,-0.11,-0.15,0.04,EXTERNAL_JSON,8.3,28.7,16.0
Sandro Mamukelashvili,TOR,0.58,-0.09,0.66,EXTERNAL_JSON,9.7,19.5,25.0
Walker Kessler,UTA,0.7,-0.24,0.94,EXTERNAL_JSON,14.4,30.8,5.0
Moses Moody,GSW,-0.93,-1.7,0.76,EXTERNAL_JSON,11.7,24.9,23.0
Miles McBride,NYK,3.07,1.66,1.41,EXTERNAL_JSON,11.6,26.9,20.0
Ausar Thompson,DET,2.18,0.15,2.03,EXTERNAL_JSON,11.8,28.0,20.0
Toumani Camara,POR,1.1,-0.62,1.72,EXTERNAL_JSON,12.5,33.4,25.0
Brandin Podziemski,GSW,1.34,-0.68,2.02,EXTERNAL_JSON,12.5,27.7,25.0
Sam Hauser,BOS,1.91,2.04,-0.13,EXTERNAL_JSON,6.9,22.3,25.0
Mikal Bridges,NYK,1.8,0.86,0.94,EXTERNAL_JSON,16.4,34.4,24.0
Matisse Thybulle,POR,-0.03,-1.74,1.71,EXTERNAL_JSON,5.0,12.2,4.0
Keon Ellis,SAC,0.31,-0.44,0.75,EXTERNAL_JSON,5.3,16.9,24.0
Neemias Queta,BOS,2.63,0.9,1.73,EXTERNAL_JSON,10.1,24.3,23.0
Jabari Smith Jr.,HOU,0.25,-0.14,0.39,EXTERNAL_JSON,15.4,33.5,21.0
Anthony Black,ORL,0.05,-0.63,0.68,EXTERNAL_JSON,13.0,28.2,25.0
Moritz Wagner,ORL,-0.69,-0.25,-0.44,EXTERNAL_JSON,,,
Josh Giddey,CHI,-0.9,0.05,-0.95,EXTERNAL_JSON,20.3,34.1,21.0
Lonzo Ball,CLE,-0.04,-1.15,1.11,EXTERNAL_JSON,5.5,23.5,18.0
Dean Wade,CLE,2.7,0.41,2.28,EXTERNAL_JSON,5.3,22.2,23.0
Jaylon Tyson,CLE,0.09,0.53,-0.44,EXTERNAL_JSON,13.0,27.7,20.0
Max Strus,CLE,0.57,0.2,0.37,EXTERNAL_JSON,,,
Kris Dunn,LAC,-0.4,-0.65,0.25,EXTERNAL_JSON,7.7,26.3,25.0
Julian Champagnie,SAS,0.02,0.7,-0.68,EXTERNAL_JSON,11.4,28.8,24.0
Ryan Rollins,MIL,-0.77,-0.55,-0.21,EXTERNAL_JSON,17.2,32.1,26.0
Desmond Bane,ORL,2.0,2.3,-0.31,EXTERNAL_JSON,19.0,33.2,25.0
Paolo Banchero,ORL,-1.34,-0.61,-0.73,EXTERNAL_JSON,20.2,31.3,15.0
Wendell Carter Jr.,ORL,0.2,-1.71,1.91,EXTERNAL_JSON,11.7,29.7,24.0
Naz Reid,MIN,-0.62,-1.08,0.46,EXTERNAL_JSON,13.5,25.9,24.0
Kelly Olynyk,SAS,-0.44,0.49,-0.93,EXTERNAL_JSON,4.5,11.2,14.0
Donovan Clingan,POR,0.66,-0.51,1.16,EXTERNAL_JSON,10.0,25.2,21.0
Mason Plumlee,CHA,0.08,0.92,-0.83,EXTERNAL_JSON,1.7,9.4,10.0
Deandre Ayton,LAL,-1.35,-0.8,-0.54,EXTERNAL_JSON,15.1,29.3,22.0
Dorian Finney-Smith,HOU,3.4,1.64,1.76,EXTERNAL_JSON,,,
A.J. Green,MIL,2.36,0.41,1.95,EXTERNAL_JSON,,,
Santi Aldama,MEM,-0.96,0.77,-1.72,EXTERNAL_JSON,13.1,26.0,24.0
Daniel Gafford,DAL,0.88,0.45,0.43,EXTERNAL_JSON,8.9,22.9,15.0
Oso Ighodaro,PHX,0.62,-1.02,1.64,EXTERNAL_JSON,5.0,17.5,25.0
Jalen Green,PHX,-2.8,-0.56,-2.23,EXTERNAL_JSON,15.5,14.9,2.0
Luka Garza,BOS,-1.93,-0.99,-0.94,EXTERNAL_JSON,6.1,13.1,19.0
Javonte Green,DET,0.92,0.16,0.76,EXTERNAL_JSON,6.6,18.5,24.0
Sam Merrill,CLE,1.19,0.13,1.07,EXTERNAL_JSON,13.9,25.9,12.0
Nickeil Alexander-Walker,ATL,1.54,0.67,0.87,EXTERNAL_JSON,20.7,32.7,23.0
De'Anthony Melton,GSW,1.8,1.11,0.69,EXTERNAL_JSON,13.5,19.2,2.0
Derik Queen,NOP,-2.11,0.23,-2.34,EXTERNAL_JSON,13.0,25.3,26.0
Keegan Murray,SAC,1.07,-0.06,1.13,EXTERNAL_JSON,15.4,36.8,10.0
P.J. Washington,DAL,0.5,-0.47,0.98,EXTERNAL_JSON,15.9,31.9,20.0
Marcus Smart,LAL,2.38,0.37,2.01,EXTERNAL_JSON,10.4,26.9,15.0
Bogdan Bogdanovic,LAC,2.37,1.25,1.12,EXTERNAL_JSON,,,
Coby White,CHI,0.22,1.47,-1.25,EXTERNAL_JSON,22.1,29.2,7.0
Chris Boucher,BOS,1.36,1.48,-0.12,EXTERNAL_JSON,2.3,11.3,8.0
Kentavious Caldwell-Pope,MEM,-0.2,-1.08,0.88,EXTERNAL_JSON,7.6,21.9,24.0
Shaedon Sharpe,POR,-1.59,-0.17,-1.42,EXTERNAL_JSON,21.1,28.3,21.0
Gary Payton II,GSW,1.69,1.09,0.61,EXTERNAL_JSON,4.0,12.3,24.0
Tobias Harris,DET,1.95,0.69,1.26,EXTERNAL_JSON,14.7,29.7,14.0
Stephon Castle,SAS,-1.52,-0.78,-0.73,EXTERNAL_JSON,18.2,31.0,15.0
Cameron Johnson,DEN,1.27,2.0,-0.73,EXTERNAL_JSON,11.3,30.1,23.0
Justin Champagnie,WAS,-2.66,0.23,-2.9,EXTERNAL_JSON,4.7,13.1,20.0
Kyle Filipowski,UTA,-0.67,0.0,-0.67,EXTERNAL_JSON,9.6,22.6,22.0
Grayson Allen,PHX,-0.57,0.93,-1.49,EXTERNAL_JSON,16.5,30.8,17.0
De'Andre Hunter,CLE,-0.3,1.14,-1.44,EXTERNAL_JSON,16.0,28.8,21.0
Grant Williams,CHA,-0.88,-0.09,-0.79,EXTERNAL_JSON,,,
Jamaree Bouyea,PHX,0.28,0.76,-0.49,EXTERNAL_JSON,8.1,15.1,9.0
John Konchar,MEM,0.93,-0.61,1.54,EXTERNAL_JSON,3.0,13.0,22.0
Mouhamed Gueye,ATL,0.38,-1.28,1.66,EXTERNAL_JSON,5.8,17.2,25.0
Andrew Nembhard,IND,-0.74,-0.81,0.07,EXTERNAL_JSON,17.9,31.0,16.0
Jay Huff,IND,-1.39,-3.5,2.11,EXTERNAL_JSON,7.7,18.8,24.0
Vit Krejci,ATL,-2.12,-1.91,-0.22,EXTERNAL_JSON,,,
Collin Sexton,CHA,-1.87,0.66,-2.53,EXTERNAL_JSON,15.5,25.2,21.0
Tony Bradley,IND,-0.65,-0.64,-0.01,EXTERNAL_JSON,4.9,11.8,21.0
Dyson Daniels,ATL,2.26,1.19,1.07,EXTERNAL_JSON,10.7,33.9,25.0
Mark Williams,PHX,-1.31,-1.47,0.15,EXTERNAL_JSON,13.0,24.8,21.0
Dru Smith,MIA,0.37,-1.29,1.66,EXTERNAL_JSON,6.1,16.8,25.0
Zach Edey,MEM,3.8,1.63,2.18,EXTERNAL_JSON,13.6,25.8,11.0
Kevin Huerter,CHI,0.88,1.31,-0.43,EXTERNAL_JSON,11.9,24.1,19.0
Davion Mitchell,MIA,1.22,0.15,1.07,EXTERNAL_JSON,9.8,30.4,24.0
Will Richard,GSW,-1.48,-0.98,-0.5,EXTERNAL_JSON,8.0,19.1,23.0
John Collins,LAC,0.04,0.48,-0.44,EXTERNAL_JSON,12.1,26.9,25.0
Jaylin Williams,OKC,1.19,-0.5,1.69,EXTERNAL_JSON,5.5,18.6,24.0
Ryan Dunn,PHX,0.39,-0.22,0.61,EXTERNAL_JSON,7.5,23.2,20.0
Aaron Holiday,HOU,1.8,-0.16,1.97,EXTERNAL_JSON,9.3,17.1,17.0
Jevon Carter,CHI,-1.1,-1.01,-0.09,EXTERNAL_JSON,6.9,14.3,14.0
Jusuf Nurkic,UTA,0.95,-1.19,2.14,EXTERNAL_JSON,,,
Dante Exum,DAL,0.6,0.58,0.02,EXTERNAL_JSON,,,
Domantas Sabonis,SAC,-0.48,0.01,-0.49,EXTERNAL_JSON,17.2,33.2,11.0
Jrue Holiday,POR,3.24,1.22,2.02,EXTERNAL_JSON,16.7,33.4,12.0
Landry Shamet,NYK,0.24,-0.63,0.87,EXTERNAL_JSON,9.3,20.9,15.0
Julian Phillips,CHI,1.32,0.72,0.6,EXTERNAL_JSON,3.0,10.4,21.0
Jordan Miller,LAC,-1.1,-0.72,-0.38,EXTERNAL_JSON,8.5,13.6,4.0
Clint Capela,HOU,1.06,-0.27,1.33,EXTERNAL_JSON,3.8,11.7,21.0
Brandon Ingram,TOR,-0.03,0.61,-0.64,EXTERNAL_JSON,21.5,34.1,26.0
Tre Jones,CHI,-0.31,0.1,-0.41,EXTERNAL_JSON,13.2,28.6,17.0
Quenton Jackson,IND,-0.26,-0.91,0.66,EXTERNAL_JSON,11.8,20.1,5.0
Antonio Reeves,CHA,-2.22,-0.87,-1.34,EXTERNAL_JSON,3.5,8.8,6.0
Bobby Portis,MIL,-0.37,0.48,-0.85,EXTERNAL_JSON,12.0,21.9,26.0
Isaac Okoro,CHI,0.49,0.02,0.47,EXTERNAL_JSON,8.2,24.8,15.0
Adem Bona,PHI,-1.37,-1.5,0.13,EXTERNAL_JSON,3.5,16.1,17.0
Jae'Sean Tate,HOU,-0.08,-1.14,1.07,EXTERNAL_JSON,2.9,8.3,14.0
Jose Alvarado,NOP,1.26,0.21,1.05,EXTERNAL_JSON,8.9,22.5,25.0
Kelly Oubre Jr.,PHI,-2.1,-0.74,-1.36,EXTERNAL_JSON,16.8,34.8,12.0
Cam Spencer,MEM,0.77,0.65,0.12,EXTERNAL_JSON,11.1,21.2,24.0
Kevon Looney,NOP,2.4,0.63,1.76,EXTERNAL_JSON,2.7,12.9,12.0
Haywood Highsmith,BKN,-0.9,-1.4,0.5,EXTERNAL_JSON,,,
Harrison Barnes,SAS,-0.03,1.54,-1.57,EXTERNAL_JSON,13.5,31.1,24.0
Branden Carlson,OKC,-0.55,0.09,-0.63,EXTERNAL_JSON,5.0,10.0,17.0
Jamal Shead,TOR,-1.14,-1.25,0.11,EXTERNAL_JSON,6.3,19.8,26.0
Quinten Post,GSW,0.39,-1.2,1.59,EXTERNAL_JSON,7.4,17.5,25.0
Jaime Jaquez Jr.,MIA,0.49,-0.19,0.68,EXTERNAL_JSON,15.6,29.2,24.0
Keldon Johnson,SAS,-1.77,-0.1,-1.67,EXTERNAL_JSON,13.1,24.0,24.0
Noah Clowney,BKN,-2.43,-1.12,-1.31,EXTERNAL_JSON,13.3,28.1,23.0
Nicolas Claxton,BKN,-2.96,-2.79,-0.17,EXTERNAL_JSON,,,
Ajay Mitchell,OKC,1.32,-0.97,2.29,EXTERNAL_JSON,14.2,26.3,25.0
Kel'el Ware,MIA,-0.11,-0.1,-0.01,EXTERNAL_JSON,11.3,24.1,25.0
Oscar Tshiebwe,UTA,-0.17,0.1,-0.27,EXTERNAL_JSON,,,
Max Christie,DAL,-1.83,-0.91,-0.92,EXTERNAL_JSON,11.8,28.9,25.0
Tristan Vukcevic,WAS,-4.16,-3.02,-1.14,EXTERNAL_JSON,6.5,11.7,19.0
Duncan Robinson,DET,-0.31,0.13,-0.45,EXTERNAL_JSON,12.4,31.8,22.0
Jordan Goodwin,PHX,0.39,-0.74,1.12,EXTERNAL_JSON,8.8,20.5,22.0
Rui Hachimura,LAL,0.34,-0.06,0.41,EXTERNAL_JSON,13.7,33.0,23.0
Devin Vassell,SAS,-1.55,-0.89,-0.66,EXTERNAL_JSON,15.4,32.4,24.0
Craig Porter,CLE,-2.3,-1.25,-1.05,EXTERNAL_JSON,,,
Duop Reath,POR,-2.96,-1.42,-1.55,EXTERNAL_JSON,3.8,8.4,20.0
Jaxson Hayes,LAL,-1.92,-1.96,0.04,EXTERNAL_JSON,5.2,16.8,21.0
Jaylen Clark,MIN,0.11,-0.66,0.77,EXTERNAL_JSON,4.8,14.7,22.0
Isaiah Jackson,IND,-1.33,-0.43,-0.9,EXTERNAL_JSON,7.8,18.9,24.0
Malik Monk,SAC,0.28,0.97,-0.69,EXTERNAL_JSON,12.9,23.8,22.0
T.J. McConnell,IND,1.11,0.71,0.4,EXTERNAL_JSON,9.1,16.6,14.0
Quentin Grimes,PHI,-1.38,-0.75,-0.63,EXTERNAL_JSON,16.5,32.9,22.0
CJ McCollum,WAS,-0.77,1.8,-2.57,EXTERNAL_JSON,18.6,30.0,22.0
RJ Barrett,TOR,-0.96,0.4,-1.36,EXTERNAL_JSON,19.4,30.9,17.0
Xavier Tillman,BOS,-1.25,-1.8,0.55,EXTERNAL_JSON,2.8,9.4,11.0
Luke Kennard,ATL,0.24,1.87,-1.63,EXTERNAL_JSON,7.6,20.7,22.0
Obi Toppin,IND,0.74,2.06,-1.32,EXTERNAL_JSON,14.0,27.4,3.0
Precious Achiuwa,SAC,-3.57,-3.22,-0.35,EXTERNAL_JSON,7.4,19.9,18.0
Trey Murphy III,NOP,-2.21,-2.14,-0.07,EXTERNAL_JSON,21.2,35.5,24.0
Ron Harper Jr.,BOS,-0.4,-0.22,-0.18,EXTERNAL_JSON,2.0,5.1,4.0
Nikola Topić,OKC,0.0,0.0,0.0,EXTERNAL_JSON,,,
Brandon Williams,DAL,-0.21,-0.88,0.67,EXTERNAL_JSON,10.8,21.6,23.0
Miles Bridges,CHA,-1.66,-0.6,-1.06,EXTERNAL_JSON,21.0,34.7,24.0
Johnny Furphy,IND,-1.32,-1.56,0.23,EXTERNAL_JSON,2.2,13.3,6.0
Royce O'Neale,PHX,-0.24,-0.24,0.0,EXTERNAL_JSON,10.5,29.8,25.0
Andre Drummond,PHI,-0.99,-0.79,-0.2,EXTERNAL_JSON,7.7,21.7,22.0
Dillon Brooks,PHX,1.07,-0.41,1.48,EXTERNAL_JSON,21.7,31.1,19.0
Sion James,CHA,0.72,0.19,0.54,EXTERNAL_JSON,6.6,26.1,24.0
Peyton Watson,DEN,-1.83,-1.38,-0.45,EXTERNAL_JSON,10.8,27.0,24.0
Khris Middleton,WAS,0.9,1.34,-0.45,EXTERNAL_JSON,10.4,25.8,16.0
Dalen Terry,CHI,-1.48,-2.49,1.01,EXTERNAL_JSON,3.1,11.1,13.0
Ryan Kalkbrenner,CHA,-3.58,-2.67,-0.92,EXTERNAL_JSON,9.0,25.5,22.0
Josh Green,CHA,-2.33,-1.76,-0.57,EXTERNAL_JSON,,,
Brook Lopez,LAC,0.68,-1.11,1.78,EXTERNAL_JSON,5.8,14.1,19.0
Nah'Shon Hyland,MIN,-1.85,-0.76,-1.09,EXTERNAL_JSON,,,
D'Angelo Russell,DAL,1.02,0.66,0.36,EXTERNAL_JSON,11.2,20.3,21.0
Bryce McGowens,NOP,-2.76,-1.4,-1.35,EXTERNAL_JSON,8.8,18.2,16.0
Anfernee Simons,BOS,-1.85,-0.03,-1.83,EXTERNAL_JSON,13.1,23.7,25.0
Georges Niang,UTA,-0.92,0.87,-1.79,EXTERNAL_JSON,,,
Gary Harris,MIL,-1.14,-0.86,-0.28,EXTERNAL_JSON,2.1,14.5,17.0
Isaiah Stewart,DET,-0.61,-1.06,0.46,EXTERNAL_JSON,10.0,22.5,21.0
Jaylen Wells,MEM,1.06,1.92,-0.86,EXTERNAL_JSON,12.2,26.5,24.0
Nikola Jovic,MIA,-0.53,-0.82,0.29,EXTERNAL_JSON,,,
Kon Knueppel,CHA,-0.26,-0.4,0.14,EXTERNAL_JSON,18.0,33.5,24.0
Dejounte Murray,NOP,-1.21,0.49,-1.7,EXTERNAL_JSON,,,
Cooper Flagg,DAL,-3.95,-2.43,-1.52,EXTERNAL_JSON,17.3,33.7,24.0
Ayo Dosunmu,CHI,-2.74,-1.06,-1.67,EXTERNAL_JSON,15.2,27.8,20.0
Guerschon Yabusele,NYK,-0.73,0.22,-0.95,EXTERNAL_JSON,3.1,10.0,23.0
Gui Santos,GSW,0.9,0.48,0.42,EXTERNAL_JSON,3.4,9.3,18.0
Marvin Bagley III,WAS,-2.17,-1.14,-1.03,EXTERNAL_JSON,8.5,17.8,18.0
Isaiah Livers,PHX,-0.58,-0.12,-0.46,EXTERNAL_JSON,2.5,12.1,13.0
Andrew Wiggins,MIA,-1.74,-0.97,-0.77,EXTERNAL_JSON,16.9,32.9,22.0
Kris Murray,POR,-2.05,-2.67,0.62,EXTERNAL_JSON,5.5,24.9,23.0
Pelle Larsson,MIA,-0.61,0.15,-0.76,EXTERNAL_JSON,8.7,21.9,24.0
Cam Thomas,BKN,-3.24,0.15,-3.39,EXTERNAL_JSON,21.4,28.3,8.0
Baylor Scheierman,BOS,-0.96,-0.96,0.01,EXTERNAL_JSON,3.2,11.9,21.0
Ja'Kobe Walter,TOR,-3.18,-1.69,-1.49,EXTERNAL_JSON,5.5,16.6,23.0
Mike Conley,MIN,1.19,1.07,0.12,EXTERNAL_JSON,5.3,19.1,24.0
Riley Minix,SAS,-0.43,-0.34,-0.09,EXTERNAL_JSON,3.0,2.8,3.0
Gary Trent Jr.,MIL,-3.98,-0.25,-3.73,EXTERNAL_JSON,9.8,27.7,26.0
Vince Williams Jr.,MEM,-0.44,-1.01,0.57,EXTERNAL_JSON,7.8,22.2,19.0
Zach Collins,CHI,-1.53,-1.71,0.18,EXTERNAL_JSON,5.5,19.7,2.0
Ronald Holland II,DET,-0.5,-1.26,0.77,EXTERNAL_JSON,8.0,21.1,24.0
Tyler Kolek,NYK,-2.17,-1.96,-0.21,EXTERNAL_JSON,3.6,9.9,20.0
Cam Christie,LAC,-0.4,-1.24,0.84,EXTERNAL_JSON,4.4,11.5,16.0
Wendell Moore Jr.,DET,-2.79,-2.4,-0.39,EXTERNAL_JSON,2.0,14.4,3.0
Svi Mykhailiuk,UTA,0.38,-0.02,0.39,EXTERNAL_JSON,9.0,26.0,23.0
Marcus Sasser,DET,-2.14,-1.14,-1.01,EXTERNAL_JSON,0.0,4.2,1.0
Matas Buzelis,CHI,-1.19,-2.12,0.92,EXTERNAL_JSON,14.0,28.6,23.0
Kyle Anderson,UTA,-0.91,-2.22,1.32,EXTERNAL_JSON,7.5,18.3,8.0
Corey Kispert,WAS,-1.98,0.52,-2.51,EXTERNAL_JSON,8.9,19.9,17.0
Simone Fontecchio,MIA,-0.41,-0.67,0.26,EXTERNAL_JSON,9.8,18.6,24.0
Klay Thompson,DAL,-2.0,-1.1,-0.89,EXTERNAL_JSON,11.0,21.8,23.0
Naji Marshall,DAL,-0.27,-0.79,0.52,EXTERNAL_JSON,12.6,27.5,25.0
Jake LaRavia,LAL,-0.3,0.97,-1.26,EXTERNAL_JSON,8.5,24.5,24.0
Trendon Watford,PHI,-1.31,-1.17,-0.14,EXTERNAL_JSON,8.9,20.4,14.0
Dylan Harper,SAS,1.21,1.66,-0.44,EXTERNAL_JSON,13.4,21.7,14.0
Jaden Ivey,DET,-3.83,-1.37,-2.47,EXTERNAL_JSON,7.6,13.9,9.0
Zaccharie Risacher,ATL,-1.95,-1.14,-0.81,EXTERNAL_JSON,11.1,24.7,22.0
Bennedict Mathurin,IND,-2.77,-1.58,-1.19,EXTERNAL_JSON,21.5,32.9,13.0
Karlo Matkovic,NOP,-0.88,-1.24,0.36,EXTERNAL_JSON,,,
Jamal Cain,ORL,-1.89,-0.75,-1.14,EXTERNAL_JSON,1.6,6.3,5.0
Taylor Hendricks,UTA,-3.03,-2.49,-0.53,EXTERNAL_JSON,5.1,14.5,13.0
Dalton Knecht,LAL,-2.68,-0.72,-1.96,EXTERNAL_JSON,6.4,15.1,20.0
Taurean Prince,MIL,-2.31,-0.87,-1.45,EXTERNAL_JSON,6.1,21.1,8.0
Thanasis Antetokounmpo,MIL,-1.51,-1.0,-0.51,EXTERNAL_JSON,1.8,2.5,10.0
Devin Carter,SAC,0.29,-0.32,0.61,EXTERNAL_JSON,3.6,9.5,9.0
Nicolas Batum,LAC,0.54,-0.17,0.71,EXTERNAL_JSON,4.5,19.7,25.0
Jonas Valanciunas,DEN,0.37,1.33,-0.97,EXTERNAL_JSON,,,
Pat Connaughton,CHA,-2.2,-1.3,-0.9,EXTERNAL_JSON,4.3,9.7,12.0
Scoot Henderson,POR,-2.63,-0.75,-1.88,EXTERNAL_JSON,,,
Buddy Hield,GSW,-2.97,-1.15,-1.82,EXTERNAL_JSON,8.0,18.8,25.0
Zach LaVine,SAC,-1.44,0.46,-1.91,EXTERNAL_JSON,20.6,33.6,22.0
Kobe Brown,LAC,-3.89,-2.23,-1.67,EXTERNAL_JSON,3.8,12.0,16.0
Saddiq Bey,NOP,-2.09,0.37,-2.45,EXTERNAL_JSON,14.3,29.3,25.0
Caris LeVert,DET,-0.46,0.22,-0.68,EXTERNAL_JSON,9.3,20.4,18.0
Emanuel Miller,CHI,-2.01,-1.14,-0.88,EXTERNAL_JSON,3.0,6.6,5.0
Asa Newell,ATL,-0.24,-0.59,0.35,EXTERNAL_JSON,4.6,8.5,15.0
Tim Hardaway Jr.,DEN,-0.5,0.94,-1.43,EXTERNAL_JSON,12.2,24.9,24.0
DeMar DeRozan,SAC,0.37,1.49,-1.12,EXTERNAL_JSON,17.7,32.6,25.0
Jamison Battle,TOR,-2.68,-1.44,-1.24,EXTERNAL_JSON,3.9,8.1,17.0
Gradey Dick,TOR,-2.84,-1.22,-1.63,EXTERNAL_JSON,6.3,15.8,26.0
Thomas Bryant,CLE,-2.26,-1.88,-0.39,EXTERNAL_JSON,3.3,7.8,18.0
Pat Spencer,GSW,0.53,-0.23,0.76,EXTERNAL_JSON,7.4,15.8,17.0
Nae'Qwan Tomlin,CLE,0.92,-0.54,1.46,EXTERNAL_JSON,7.2,17.0,16.0
Ziaire Williams,BKN,-3.57,-2.66,-0.91,EXTERNAL_JSON,9.6,22.9,20.0
Jeremiah Robinson-Earl,IND,-4.97,-1.72,-3.25,EXTERNAL_JSON,4.6,17.6,17.0
Seth Curry,GSW,-1.21,-0.81,-0.4,EXTERNAL_JSON,7.0,16.0,2.0
Dominick Barlow,PHI,-1.39,-1.68,0.29,EXTERNAL_JSON,7.9,26.3,14.0
Caleb Houstan,ATL,-3.03,-2.38,-0.65,EXTERNAL_JSON,2.5,5.4,8.0
Jaden Hardy,DAL,-3.53,-2.71,-0.83,EXTERNAL_JSON,6.0,10.5,20.0
Drew Eubanks,SAC,-2.93,-2.48,-0.45,EXTERNAL_JSON,5.3,14.4,25.0
Alexandre Sarr,WAS,-0.68,-1.43,0.75,EXTERNAL_JSON,,,
Brice Sensabaugh,UTA,-3.76,-0.61,-3.15,EXTERNAL_JSON,8.6,15.6,22.0
Trayce Jackson-Davis,GSW,-1.98,-0.85,-1.14,EXTERNAL_JSON,4.3,12.7,15.0
Kyshawn George,WAS,-2.23,-1.97,-0.26,EXTERNAL_JSON,15.2,31.5,20.0
Jonathan Kuminga,GSW,-1.67,-1.57,-0.1,EXTERNAL_JSON,12.4,25.6,17.0
Cole Anthony,MIL,-1.67,-0.96,-0.71,EXTERNAL_JSON,7.1,15.8,24.0
Bradley Beal,LAC,-2.42,-0.16,-2.26,EXTERNAL_JSON,8.2,20.2,6.0
David Jones,SAS,0.67,0.26,0.41,EXTERNAL_JSON,,,
Jabari Walker,PHI,-2.06,-1.05,-1.01,EXTERNAL_JSON,4.6,13.7,22.0
Leonard Miller,MIN,-0.63,-0.89,0.25,EXTERNAL_JSON,1.7,4.3,9.0
E.J. Liddell,BKN,-0.49,-0.23,-0.26,EXTERNAL_JSON,2.0,4.6,7.0
Spencer Jones,DEN,-0.9,-1.07,0.18,EXTERNAL_JSON,4.5,16.2,20.0
Tolu Smith,DET,-0.79,-0.57,-0.22,EXTERNAL_JSON,8.5,11.1,2.0
VJ Edgecombe,PHI,1.34,-0.03,1.37,EXTERNAL_JSON,14.4,34.6,20.0
Chris Livingston,CLE,-1.58,-1.76,0.19,EXTERNAL_JSON,3.0,5.8,3.0
Maxime Raynaud,SAC,-1.64,-0.77,-0.87,EXTERNAL_JSON,8.5,18.0,17.0
Brandon Miller,CHA,-2.54,-1.39,-1.15,EXTERNAL_JSON,16.4,26.1,8.0
Harrison Ingram,SAS,0.34,0.19,0.14,EXTERNAL_JSON,1.7,3.6,3.0
Russell Westbrook,SAC,-2.77,-1.17,-1.6,EXTERNAL_JSON,14.0,28.7,25.0
Ethan Thompson,IND,0.24,0.18,0.06,EXTERNAL_JSON,4.8,18.1,4.0
Jordan Poole,NOP,-3.19,-1.91,-1.29,EXTERNAL_JSON,17.9,29.8,8.0
Ben Sheppard,IND,-1.6,-0.28,-1.31,EXTERNAL_JSON,6.5,24.9,22.0
Ousmane Dieng,OKC,-1.21,-1.8,0.59,EXTERNAL_JSON,4.4,12.5,17.0
Cedric Coward,MEM,-0.04,-1.16,1.13,EXTERNAL_JSON,13.3,27.1,24.0
Maxi Kleber,LAL,0.15,-0.68,0.83,EXTERNAL_JSON,1.8,12.1,10.0
Doug McDermott,SAC,-2.21,0.11,-2.33,EXTERNAL_JSON,3.0,5.5,2.0
Jalen Wilson,BKN,-2.12,-0.93,-1.19,EXTERNAL_JSON,5.0,14.4,18.0
Walter Clayton Jr.,UTA,-0.35,0.82,-1.17,EXTERNAL_JSON,6.8,17.2,19.0
Tristan da Silva,ORL,-2.37,-1.91,-0.46,EXTERNAL_JSON,10.1,23.6,25.0
Cam Whitmore,WAS,-2.6,-0.63,-1.98,EXTERNAL_JSON,9.2,16.9,21.0
Tyler Smith,HOU,-0.76,-0.82,0.06,EXTERNAL_JSON,,,
Jonathan Mogbo,TOR,-3.85,-3.29,-0.56,EXTERNAL_JSON,1.2,4.6,11.0
Jeremy Sochan,SAS,-1.88,-1.13,-0.75,EXTERNAL_JSON,6.1,16.3,17.0
Ryan Nembhard,DAL,-1.47,-0.27,-1.21,EXTERNAL_JSON,8.9,18.5,12.0
Blake Wesley,POR,-2.14,-1.6,-0.54,EXTERNAL_JSON,6.0,16.3,6.0
Trentyn Flowers,CHI,-1.36,-1.18,-0.19,EXTERNAL_JSON,2.0,2.8,2.0
Chris Mañon,LAL,-0.77,-0.5,-0.26,EXTERNAL_JSON,0.0,3.5,2.0
Gabe Vincent,LAL,-0.22,-0.26,0.04,EXTERNAL_JSON,4.7,21.7,13.0
DaRon Holmes II,DEN,-1.01,-0.68,-0.32,EXTERNAL_JSON,1.5,2.2,2.0
Johnny Juzang,MIN,-3.08,-1.74,-1.35,EXTERNAL_JSON,1.1,2.8,8.0
Chris Paul,LAC,1.36,1.33,0.03,EXTERNAL_JSON,2.9,14.2,16.0
Liam McNeeley,CHA,-0.47,-0.79,0.31,EXTERNAL_JSON,4.9,14.1,18.0
Patrick Williams,CHI,-1.79,-1.8,0.01,EXTERNAL_JSON,7.2,20.9,22.0
Al Horford,GSW,1.77,0.43,1.34,EXTERNAL_JSON,5.6,21.5,13.0
Jerami Grant,POR,-2.16,-0.53,-1.63,EXTERNAL_JSON,19.3,29.8,24.0
Jeremiah Fears,NOP,-5.15,-1.93,-3.22,EXTERNAL_JSON,15.5,27.6,26.0
Isaiah Stevens,SAC,-0.78,-0.78,-0.01,EXTERNAL_JSON,,,
Pete Nance,MIL,-0.01,-0.24,0.23,EXTERNAL_JSON,3.0,2.9,6.0
Zeke Nnaji,DEN,-3.29,-3.52,0.23,EXTERNAL_JSON,2.3,8.3,14.0
Keaton Wallace,ATL,-1.9,-2.32,0.42,EXTERNAL_JSON,4.3,14.6,23.0
Tyus Jones,ORL,-3.13,-1.18,-1.95,EXTERNAL_JSON,2.4,14.1,25.0
Elijah Harkless,UTA,1.3,0.34,0.96,EXTERNAL_JSON,2.4,9.4,7.0
Myron Gardner,MIA,-1.02,-0.51,-0.51,EXTERNAL_JSON,1.5,2.4,4.0
Danny Wolf,BKN,-0.48,-1.18,0.7,EXTERNAL_JSON,7.9,15.7,9.0
Isaiah Collier,UTA,-4.78,-2.45,-2.33,EXTERNAL_JSON,7.4,20.4,15.0
Eric Gordon,PHI,-0.86,0.15,-1.02,EXTERNAL_JSON,4.2,11.3,5.0
Tidjane Salaün,CHA,-2.75,-3.17,0.42,EXTERNAL_JSON,6.5,14.7,11.0
JD Davison,HOU,-2.68,-2.0,-0.68,EXTERNAL_JSON,1.8,6.7,11.0
Mohamed Diawara,NYK,-1.6,-1.3,-0.3,EXTERNAL_JSON,0.7,3.3,17.0
Larry Nance Jr.,CLE,-1.07,-1.58,0.51,EXTERNAL_JSON,3.6,15.0,16.0
Bilal Coulibaly,WAS,-3.65,-2.42,-1.23,EXTERNAL_JSON,8.8,27.1,12.0
Collin Murray-Boyles,TOR,-2.05,-1.97,-0.08,EXTERNAL_JSON,7.0,17.6,21.0
Nikola Vucevic,CHI,-1.04,-0.2,-0.84,EXTERNAL_JSON,,,
Yang Hansen,POR,-1.56,-1.22,-0.34,EXTERNAL_JSON,2.6,7.7,13.0
Lindy Waters III,SAS,-1.54,-0.73,-0.81,EXTERNAL_JSON,2.1,6.9,12.0
Isaiah Crawford,HOU,-0.49,-0.54,0.05,EXTERNAL_JSON,0.0,2.3,2.0
Ochai Agbaji,TOR,-1.13,-1.39,0.27,EXTERNAL_JSON,3.4,14.6,18.0
Drake Powell,BKN,-2.07,-1.55,-0.53,EXTERNAL_JSON,6.3,19.2,16.0
Tamar Bates,DEN,0.0,0.0,0.0,EXTERNAL_JSON,,,
Nick Richards,PHX,-3.96,-1.45,-2.52,EXTERNAL_JSON,3.5,9.7,23.0
Thomas Sorber,OKC,0.0,0.0,0.0,EXTERNAL_JSON,,,
Dario Saric,SAC,-1.1,-0.38,-0.72,EXTERNAL_JSON,,,
Hugo González,BOS,1.37,0.81,0.56,EXTERNAL_JSON,3.6,11.5,20.0
RayJ Dennis,LAC,-1.77,-2.19,0.42,EXTERNAL_JSON,4.9,12.9,13.0
Noah Penda,ORL,1.37,1.66,-0.28,EXTERNAL_JSON,3.6,8.7,13.0
Kevin McCullar Jr.,NYK,-1.11,-0.9,-0.22,EXTERNAL_JSON,3.0,1.2,1.0
Jock Landale,MEM,-1.82,-0.67,-1.16,EXTERNAL_JSON,10.9,21.4,24.0
Jared McCain,PHI,-1.07,-0.96,-0.11,EXTERNAL_JSON,7.5,18.0,14.0
Nikola Đurišić,ATL,0.0,0.0,0.0,EXTERNAL_JSON,,,
Sidy Cissoko,POR,0.94,-0.7,1.64,EXTERNAL_JSON,5.7,19.1,20.0
Nigel Hayes,PHX,-2.91,-2.23,-0.67,EXTERNAL_JSON,,,
Jacob Toppin,ATL,-1.31,-1.24,-0.07,EXTERNAL_JSON,1.6,3.4,5.0
Caleb Martin,DAL,-2.21,-2.49,0.29,EXTERNAL_JSON,1.2,9.1,22.0
Egor Dëmin,BKN,-1.59,-1.09,-0.5,EXTERNAL_JSON,8.3,23.0,21.0
Rocco Zikarsky,MIN,0.0,0.0,0.0,EXTERNAL_JSON,,,
Drew Peterson,CHA,-0.82,-0.49,-0.33,EXTERNAL_JSON,1.3,13.3,4.0
Bronny James,LAL,-2.2,-1.53,-0.67,EXTERNAL_JSON,1.9,8.9,14.0
Kasparas Jakučionis,MIA,-1.07,-0.79,-0.27,EXTERNAL_JSON,0.0,0.9,1.0
Bobi Klintman,DET,-1.61,-0.8,-0.81,EXTERNAL_JSON,2.8,8.8,6.0
Trey Alexander,NOP,-1.1,-0.95,-0.15,EXTERNAL_JSON,4.7,12.5,3.0
Alex Antetokounmpo,MIL,0.0,0.0,0.0,EXTERNAL_JSON,,,
Terance Mann,BKN,-1.32,0.71,-2.04,EXTERNAL_JSON,8.5,26.3,21.0
Jahmai Mashack,MEM,-0.87,-0.76,-0.11,EXTERNAL_JSON,3.0,4.7,2.0
Mark Sears,MIL,-0.19,-0.1,-0.09,EXTERNAL_JSON,3.1,3.7,7.0
Andre Jackson Jr.,MIL,-2.94,-1.43,-1.51,EXTERNAL_JSON,1.3,6.5,12.0
Jalen Pickett,DEN,-1.7,-1.74,0.04,EXTERNAL_JSON,2.6,8.8,11.0
Jase Richardson,ORL,0.07,0.58,-0.51,EXTERNAL_JSON,3.4,6.7,14.0
John Tonje,UTA,0.0,0.0,0.0,EXTERNAL_JSON,,,
Yves Missi,NOP,-4.32,-2.25,-2.07,EXTERNAL_JSON,5.7,19.2,19.0
Isaac Jones,DET,-3.01,-1.89,-1.13,EXTERNAL_JSON,1.3,4.6,4.0
Max Shulga,BOS,0.0,0.0,0.0,EXTERNAL_JSON,,,
Daeqwon Plowden,SAC,-0.8,-0.9,0.1,EXTERNAL_JSON,2.0,14.0,1.0
Koby Brea,PHX,-1.28,-0.76,-0.53,EXTERNAL_JSON,2.0,3.9,2.0
Javonte Cooke,POR,-1.33,-1.14,-0.19,EXTERNAL_JSON,1.4,6.1,5.0
Luke Travers,CLE,-1.87,-1.6,-0.28,EXTERNAL_JSON,2.2,8.9,11.0
Javon Small,MEM,-0.98,-0.2,-0.79,EXTERNAL_JSON,4.3,12.4,8.0
Yanic Konan Niederhäuser,LAC,-1.66,-1.1,-0.56,EXTERNAL_JSON,2.8,5.2,11.0
Khaman Maluach,PHX,-1.7,-1.22,-0.48,EXTERNAL_JSON,1.4,4.9,12.0
LJ Cryer,GSW,0.0,0.0,0.0,EXTERNAL_JSON,,,
Brooks Barnhizer,OKC,-3.63,-2.66,-0.97,EXTERNAL_JSON,1.7,7.7,17.0
Curtis Jones,DEN,-0.75,-0.65,-0.1,EXTERNAL_JSON,1.0,1.6,2.0
Kevin Love,UTA,-0.38,0.97,-1.34,EXTERNAL_JSON,5.5,14.6,14.0
Rasheer Fleming,PHX,-1.74,-1.47,-0.27,EXTERNAL_JSON,2.4,5.9,13.0
Tosan Evbuomwan,NYK,-2.45,-2.63,0.18,EXTERNAL_JSON,0.0,1.8,4.0
Kam Jones,IND,0.0,0.0,0.0,EXTERNAL_JSON,,,
Jordan Clarkson,NYK,-1.36,0.23,-1.59,EXTERNAL_JSON,9.9,20.1,24.0
Keyonte George,UTA,-5.4,-1.06,-4.34,EXTERNAL_JSON,22.2,33.4,23.0
AJ Lawson,TOR,-1.53,-0.76,-0.77,EXTERNAL_JSON,,,
Nolan Traore,BKN,-1.86,-1.15,-0.72,EXTERNAL_JSON,1.8,8.8,4.0
Anthony Gill,WAS,-0.78,-0.99,0.21,EXTERNAL_JSON,1.9,3.6,9.0
Tyrese Martin,BKN,-3.76,-2.52,-1.24,EXTERNAL_JSON,8.0,21.2,22.0
Jericho Sims,MIL,-3.45,-3.2,-0.25,EXTERNAL_JSON,2.7,14.1,20.0
KJ Simpson,CHA,-4.21,-2.96,-1.25,EXTERNAL_JSON,5.8,15.1,11.0
N'Faly Dante,ATL,-0.5,-0.19,-0.31,EXTERNAL_JSON,0.8,3.9,4.0
Eli John Ndiaye,ATL,0.0,0.0,0.0,EXTERNAL_JSON,,,
Keshad Johnson,MIA,-1.2,-0.9,-0.3,EXTERNAL_JSON,3.9,11.7,9.0
Moussa Cisse,DAL,-0.72,-0.75,0.03,EXTERNAL_JSON,2.9,10.1,18.0
Kobe Sanders,LAC,-0.86,-0.43,-0.43,EXTERNAL_JSON,6.5,19.3,17.0
Olivier-Maxence Prosper,MEM,-4.52,-3.93,-0.59,EXTERNAL_JSON,4.1,9.4,13.0
DeAndre Jordan,NOP,-2.46,-1.9,-0.56,EXTERNAL_JSON,4.5,11.7,2.0
Tre Johnson,WAS,-2.27,-1.55,-0.73,EXTERNAL_JSON,11.5,24.2,15.0
Ariel Hukporti,NYK,-3.19,-2.92,-0.27,EXTERNAL_JSON,1.2,7.9,16.0
Joan Beringer,MIN,-0.77,-0.86,0.09,EXTERNAL_JSON,2.0,4.1,9.0
Chris Youngblood,OKC,-1.89,-1.45,-0.44,EXTERNAL_JSON,1.8,5.6,19.0
Tyrese Proctor,CLE,-2.39,-2.04,-0.35,EXTERNAL_JSON,5.6,12.4,18.0
Ace Bailey,UTA,-2.84,-1.49,-1.35,EXTERNAL_JSON,10.3,23.2,23.0
Nick Smith Jr.,LAL,-6.31,-4.47,-1.84,EXTERNAL_JSON,7.8,14.8,9.0
Malaki Branham,WAS,-4.69,-2.61,-2.08,EXTERNAL_JSON,3.6,8.0,11.0
Daniss Jenkins,DET,-1.22,-0.95,-0.27,EXTERNAL_JSON,8.3,17.9,19.0
Jarace Walker,IND,-4.87,-3.53,-1.35,EXTERNAL_JSON,9.8,26.1,24.0
Nique Clifford,SAC,-1.4,-1.02,-0.38,EXTERNAL_JSON,4.3,16.7,21.0
Miles Kelly,DAL,-1.16,-0.82,-0.34,EXTERNAL_JSON,1.0,5.6,2.0
Drew Timme,LAL,-2.03,-1.37,-0.67,EXTERNAL_JSON,1.0,3.9,2.0
Hunter Sallis,PHI,-1.75,-1.33,-0.43,EXTERNAL_JSON,1.2,4.2,6.0
Enrique Freeman,MIN,-1.55,-1.02,-0.52,EXTERNAL_JSON,,,
Jahmir Young,MIA,-1.24,-0.31,-0.93,EXTERNAL_JSON,2.0,4.9,5.0
Noa Essengue,CHI,-1.61,-1.02,-0.58,EXTERNAL_JSON,0.0,3.0,2.0
Will Riley,WAS,-3.6,-2.02,-1.57,EXTERNAL_JSON,3.9,10.0,16.0
Ben Saraf,BKN,-0.86,-0.33,-0.53,EXTERNAL_JSON,5.4,16.9,12.0
Bruce Brown,DEN,-2.54,-0.86,-1.67,EXTERNAL_JSON,6.8,23.6,24.0
Amir Coffey,MIL,-3.32,-2.12,-1.2,EXTERNAL_JSON,1.6,7.8,19.0
Terrence Shannon Jr.,MIN,-2.23,-1.23,-1.0,EXTERNAL_JSON,4.7,13.0,15.0
Sharife Cooper,WAS,-1.78,-1.38,-0.4,EXTERNAL_JSON,0.0,2.5,4.0
Jett Howard,ORL,-2.37,-1.05,-1.32,EXTERNAL_JSON,5.3,10.2,16.0
Tre Mann,CHA,-3.91,-1.92,-1.98,EXTERNAL_JSON,9.2,20.6,18.0
Hunter Dickinson,NOP,-1.4,-0.87,-0.53,EXTERNAL_JSON,2.0,4.7,1.0
Justin Edwards,PHI,-5.93,-1.42,-4.5,EXTERNAL_JSON,6.2,17.2,20.0
Kyle Lowry,PHI,0.64,-0.1,0.75,EXTERNAL_JSON,2.0,8.1,3.0
Pacôme Dadiet,NYK,-2.08,-1.06,-1.02,EXTERNAL_JSON,0.4,2.4,9.0
Alijah Martin,TOR,-0.69,-0.54,-0.15,EXTERNAL_JSON,0.0,3.3,2.0
Dennis Schroder,SAC,-0.89,-0.73,-0.16,EXTERNAL_JSON,,,
Terry Rozier,MIA,-3.05,-1.73,-1.32,EXTERNAL_JSON,,,
Taelon Peter,IND,-2.03,-2.12,0.09,EXTERNAL_JSON,1.6,7.1,15.0
Hunter Tyson,DEN,-3.03,-3.34,0.31,EXTERNAL_JSON,1.1,3.9,9.0
Micah Peavy,NOP,-1.14,-0.47,-0.67,EXTERNAL_JSON,4.9,16.1,22.0
Jamir Watkins,WAS,-2.29,-1.46,-0.83,EXTERNAL_JSON,2.1,9.6,7.0
Chaz Lanier,DET,-2.1,-0.99,-1.11,EXTERNAL_JSON,3.3,10.3,13.0
Malevy Leons,GSW,-1.42,-1.09,-0.32,EXTERNAL_JSON,,,
Rayan Rupert,POR,-2.8,-2.3,-0.51,EXTERNAL_JSON,2.1,8.6,18.0
Carter Bryant,SAS,0.05,-0.53,0.58,EXTERNAL_JSON,2.5,7.9,18.0
Tyson Etienne,BKN,-2.2,-1.41,-0.79,EXTERNAL_JSON,1.5,4.3,8.0
Jordan Hawkins,NOP,-4.59,-2.06,-2.54,EXTERNAL_JSON,5.1,14.3,22.0
Caleb Love,POR,-2.74,-1.97,-0.77,EXTERNAL_JSON,8.1,18.2,17.0
Colin Castleton,ORL,-2.04,-2.06,0.02,EXTERNAL_JSON,,,
Bismack Biyombo,SAS,-3.28,-2.02,-1.25,EXTERNAL_JSON,0.9,7.2,8.0
Vladislav Goldin,MIA,0.0,0.0,0.0,EXTERNAL_JSON,,,
Joe Ingles,MIN,1.4,1.55,-0.15,EXTERNAL_JSON,0.0,2.9,8.0
Orlando Robinson,ORL,-2.56,-2.23,-0.33,EXTERNAL_JSON,2.3,7.2,3.0
Chucky Hepburn,TOR,-1.05,-0.89,-0.16,EXTERNAL_JSON,0.0,6.6,2.0
Julian Strawther,DEN,-4.32,-2.94,-1.38,EXTERNAL_JSON,3.7,7.9,9.0
Adou Thiero,LAL,-1.57,-0.42,-1.14,EXTERNAL_JSON,1.1,5.8,9.0
Rob Dillingham,MIN,-1.86,-1.37,-0.49,EXTERNAL_JSON,3.7,10.2,21.0
Dylan Cardwell,SAC,-1.03,-0.27,-0.76,EXTERNAL_JSON,1.7,10.8,3.0
Garrett Temple,TOR,-3.53,-2.53,-1.0,EXTERNAL_JSON,0.8,3.7,5.0
Lachlan Olbrich,CHI,-1.35,-1.1,-0.26,EXTERNAL_JSON,0.4,7.2,5.0
Kyle Kuzma,MIL,-3.3,-2.28,-1.02,EXTERNAL_JSON,13.5,26.1,25.0
Amari Williams,BOS,-1.36,-0.93,-0.43,EXTERNAL_JSON,0.5,5.2,6.0
Johni Broome,PHI,-2.1,-1.73,-0.38,EXTERNAL_JSON,1.7,6.5,6.0
Cody Williams,UTA,-4.84,-3.25,-1.59,EXTERNAL_JSON,2.2,12.1,13.0
AJ Johnson,WAS,-3.31,-2.06,-1.25,EXTERNAL_JSON,0.7,4.5,10.0
GG Jackson,MEM,-4.59,-3.14,-1.45,EXTERNAL_JSON,2.5,6.8,8.0
Trey Jemison,NYK,-2.22,-1.93,-0.29,EXTERNAL_JSON,,,
Carlton Carrington,WAS,-7.95,-4.35,-3.6,EXTERNAL_JSON,,,
Jeff Green,HOU,-3.48,-1.12,-2.36,EXTERNAL_JSON,2.1,4.8,10.0
