Time Mandante,Time Visitante,Casa,Odds Mandante,Odds Visitante
Orlando Magic,Golden State Warriors,FanDuel,136,-162
Orlando Magic,Golden State Warriors,DraftKings,136,-162
Orlando Magic,Golden State Warriors,BetMGM,135,-160
Brooklyn Nets,Boston Celtics,FanDuel,420,-560
Brooklyn Nets,Boston Celtics,DraftKings,410,-550
Brooklyn Nets,Boston Celtics,BetMGM,400,-550
Atlanta Hawks,Detroit Pistons,FanDuel,-104,-112
Atlanta Hawks,Detroit Pistons,DraftKings,-115,-105
Atlanta Hawks,Detroit Pistons,BetMGM,-118,-102
San Antonio Spurs,Memphis Grizzlies,FanDuel,-235,194
San Antonio Spurs,Memphis Grizzlies,DraftKings,-230,190
San Antonio Spurs,Memphis Grizzlies,BetMGM,-250,200
Los Angeles Lakers,Utah Jazz,FanDuel,-700,500
Los Angeles Lakers,Utah Jazz,DraftKings,-650,470
Los Angeles Lakers,Utah Jazz,BetMGM,-800,550
Portland Trail Blazers,Phoenix Suns,FanDuel,-138,118
Portland Trail Blazers,Phoenix Suns,DraftKings,-142,120
Portland Trail Blazers,Phoenix Suns,BetMGM,-140,115
